{
	"format_version": "1.8.0",
	"animations": {
		"animation.terastal_transformation.transform": {
			"animation_length": 2.0417,
			"bones": {
				"crysta_2": {
					"rotation": {
						"0.0": [-12.39, 12.99, 12.52],
						"0.5833": [8.61081, 12.98522, 15.52144],
						"0.7083": [8.61081, 12.98522, 30.52144],
						"1.9583": [8.61, 12.99, 30.52],
						"2.0417": [-12.39, 12.99, 12.52]
					},
					"position": {
						"0.0": [-15.08, -62.24, -15.8],
						"0.5833": [-15.08206, -62.23995, -15.79826],
						"0.7083": [27.58819, 12.4303, 4.09065],
						"1.9583": [27.59, 12.43, 4.09],
						"2.0417": [-15.08, -62.24, -15.8]
					},
					"scale": {
						"0.0": [0, 0, 0],
						"0.5833": {"pre": [0, 0, 0], "post": [1, 1, 1]},
						"2.0417": {"pre": [1, 1, 1], "post": [0, 0, 0]}
					}
				},
				"crysta_1": {
					"rotation": {
						"0.0": [12.47, -0.65, 14.96],
						"0.0833": [12.47178, -0.65182, 14.95744],
						"0.625": [12.47178, -0.65182, 14.95744],
						"1.9583": [12.47, -0.65, 14.96],
						"2.0417": [12.47, -0.65, 14.96]
					},
					"position": {
						"0.0": [-17.04, -74.16, 6.47],
						"0.0833": [-17.04376, -74.15994, 6.4683],
						"0.625": [0, 4, -17],
						"1.9583": [0, 4, -17],
						"2.0417": [-17.04, -74.16, 6.47]
					},
					"scale": {
						"0.0": [0, 0, 0],
						"0.0833": {"pre": [0, 0, 0], "post": [1, 1, 1]},
						"2.0417": {"pre": [1, 1, 1], "post": [0, 0, 0]}
					}
				},
				"crysta_3": {
					"rotation": {
						"0.0": [15.69, -16.89, 17.83],
						"0.0417": [15.69284, -16.88547, 17.8347],
						"0.5833": [15.69284, -16.88547, 17.8347],
						"1.9583": [15.69, -16.89, 17.83],
						"2.0417": [15.69, -16.89, 17.83]
					},
					"position": {
						"0.0": [-14.59, -60.3, -2.28],
						"0.0417": [-14.59112, -60.29715, -2.28259],
						"0.5833": [17, -13, -23],
						"1.9583": [17, -13, -23],
						"2.0417": [-14.59, -60.3, -2.28]
					},
					"scale": {
						"0.0": [0, 0, 0],
						"0.0417": {"pre": [0, 0, 0], "post": [1, 1, 1]},
						"2.0417": {"pre": [1, 1, 1], "post": [0, 0, 0]}
					}
				},
				"total": {
					"rotation": {
						"0.0": [0, 0, 0],
						"0.7083": [0, 0, 0],
						"1.9583": ["-0-math.sin(q.anim_time*90*48-90)*0.5", "-0-math.sin(q.anim_time*90*48-45)*0.5", "0+math.sin(q.anim_time*90*48)*0.5"],
						"2.0417": [0, 0, 0]
					},
					"position": {
						"0.0": [0, 70, 0],
						"0.7083": [0, 70, 0],
						"1.9583": [0, 70, 0],
						"2.0417": [0, 70, 0]
					},
					"scale": {
						"1.9583": [1, 1, 1],
						"2.0417": {"pre": [1, 1, 1], "post": [0, 0, 0]}
					}
				},
				"crysta_4": {
					"rotation": {
						"0.0": [-16.89, -9.18, 31.07],
						"0.1667": [-16.88832, -9.17772, 31.06618],
						"0.2917": [-16.88832, -9.17772, 31.06618],
						"1.9583": [-16.89, -9.18, 31.07],
						"2.0417": [-16.89, -9.18, 31.07]
					},
					"position": {
						"0.0": [-23.79, -67.05, -10.08],
						"0.1667": [-23.78585, -67.04784, -10.07518],
						"0.2917": [8, 1, 16],
						"1.9583": [8, 1, 16],
						"2.0417": [-23.79, -67.05, -10.08]
					},
					"scale": {
						"0.0": [0, 0, 0],
						"0.1667": {"pre": [0, 0, 0], "post": [1, 1, 1]},
						"2.0417": {"pre": [1, 1, 1], "post": [0, 0, 0]}
					}
				},
				"crysta_5": {
					"rotation": {
						"0.0": [-17.38, 10.6, -16.38],
						"0.125": [-17.37809, 10.60127, -16.38144],
						"0.25": [-17.37809, 10.60127, -16.38144],
						"1.9583": [-17.38, 10.6, -16.38],
						"2.0417": [-17.38, 10.6, -16.38]
					},
					"position": {
						"0.0": [3.4, -67.14, -8.95],
						"0.125": [3.39737, -67.14435, -8.95412],
						"0.25": [-15, 12, 16],
						"1.9583": [-15, 12, 16],
						"2.0417": [3.4, -67.14, -8.95]
					},
					"scale": {
						"0.0": [0, 0, 0],
						"0.125": {"pre": [0, 0, 0], "post": [1, 1, 1]},
						"2.0417": {"pre": [1, 1, 1], "post": [0, 0, 0]}
					}
				},
				"crysta_6": {
					"rotation": {
						"0.0": [10.35, 14.77, -4.84],
						"0.0417": [10.34527, 14.76689, -4.83601],
						"0.1667": [10.34527, 14.76689, -4.83601],
						"1.9583": [10.35, 14.77, -4.84],
						"2.0417": [10.35, 14.77, -4.84]
					},
					"position": {
						"0.0": [-12.22, -43.94, -13.19],
						"0.0417": [-12.21556, -43.93722, -13.18583],
						"0.1667": [-23, 0, -22],
						"1.9583": [-23, 0, -22],
						"2.0417": [-12.22, -43.94, -13.19]
					},
					"scale": {
						"0.0": [0, 0, 0],
						"0.0417": {"pre": [0, 0, 0], "post": [1, 1, 1]},
						"2.0417": {"pre": [1, 1, 1], "post": [0, 0, 0]}
					}
				},
				"crysta_7": {
					"rotation": {
						"0.0": [-2.21, -2.69, 5.29],
						"0.2083": [-2.2127, -2.68507, 5.2873],
						"0.3333": [-2.2127, -2.68507, 5.2873],
						"1.9583": [-2.21, -2.69, 5.29],
						"2.0417": [-2.21, -2.69, 5.29]
					},
					"position": {
						"0.0": [-14.22, -72.61, 4.91],
						"0.2083": [-14.22242, -72.61355, 4.91465],
						"0.3333": [6.17364, 32.9372, 8.50137],
						"1.9583": [6.17, 32.94, 8.5],
						"2.0417": [-14.22, -72.61, 4.91]
					},
					"scale": {
						"0.0": [0, 0, 0],
						"0.2083": {"pre": [0, 0, 0], "post": [1, 1, 1]},
						"2.0417": {"pre": [1, 1, 1], "post": [0, 0, 0]}
					}
				},
				"crysta_8": {
					"rotation": {
						"0.0": [7.66, -12.07, -4.13],
						"0.1667": [7.66309, -12.06548, -4.13255],
						"0.2917": [7.66309, -12.06548, -4.13255],
						"1.9583": [7.66, -12.07, -4.13],
						"2.0417": [7.66, -12.07, -4.13]
					},
					"position": {
						"0.0": [-5.95, -64.34, 10.13],
						"0.1667": [-5.94664, -64.33509, 10.12814],
						"0.2917": [-9.43619, 35.90501, -0.30402],
						"1.9583": [-9.44, 35.91, -0.3],
						"2.0417": [-5.95, -64.34, 10.13]
					},
					"scale": {
						"0.0": [0, 0, 0],
						"0.1667": {"pre": [0, 0, 0], "post": [1, 1, 1]},
						"2.0417": {"pre": [1, 1, 1], "post": [0, 0, 0]}
					}
				},
				"crysta_9": {
					"rotation": {
						"0.0": [-12.79, 12.2, -17.75],
						"0.0833": [-12.79362, 12.19908, -17.74715],
						"0.2083": [-12.79362, 12.19908, -17.74715],
						"1.9583": [-12.79, 12.2, -17.75],
						"2.0417": [-12.79, 12.2, -17.75]
					},
					"position": {
						"0.0": [-11.84, -49.58, -13.99],
						"0.0833": [-11.83896, -49.58177, -13.98638],
						"0.2083": [-27, 7, -1],
						"1.9583": [-27, 7, -1],
						"2.0417": [-11.84, -49.58, -13.99]
					},
					"scale": {
						"0.0": [0, 0, 0],
						"0.0833": {"pre": [0, 0, 0], "post": [1, 1, 1]},
						"2.0417": {"pre": [1, 1, 1], "post": [0, 0, 0]}
					}
				},
				"crysta_10": {
					"rotation": {
						"0.0": [-27.7, -6.65, 3.48],
						"0.0417": [-27.70212, -6.64851, 3.47875],
						"0.1667": [-27.70212, -6.64851, 3.47875],
						"1.9583": [-27.7, -6.65, 3.48],
						"2.0417": [-27.7, -6.65, 3.48]
					},
					"position": {
						"0.0": [-23, -59.43, -9.94],
						"0.0417": [-23, -59.42973, -9.93716],
						"0.1667": [-18, 0, 25],
						"1.9583": [-18, 0, 25],
						"2.0417": [-23, -59.43, -9.94]
					},
					"scale": {
						"0.0": [0, 0, 0],
						"0.0417": {"pre": [0, 0, 0], "post": [1, 1, 1]},
						"2.0417": {"pre": [1, 1, 1], "post": [0, 0, 0]}
					}
				},
				"crysta_11": {
					"rotation": {
						"0.0417": [-26.58942, 24.82357, 8.72555],
						"0.1667": [-26.58942, 24.82357, 8.72555],
						"1.9583": [-26.59, 24.82, 8.73],
						"2.0417": [-26.58942, 24.82357, 8.72555]
					},
					"position": {
						"0.0417": [-16.81896, -65.73204, -15.84293],
						"0.1667": [17, -5, 21],
						"1.9583": [17, -5, 21],
						"2.0417": [-16.81896, -65.73204, -15.84293]
					},
					"scale": {
						"0.0417": [1, 1, 1],
						"2.0417": {"pre": [1, 1, 1], "post": [0, 0, 0]}
					}
				},
				"particles": {
					"position": [0, -38, 0]
				},
				"crysta_12": {
					"rotation": {
						"0.0": [0, -12.5, 0],
						"0.125": [0, -12.5, 0],
						"1.9583": [0, -12.5, 0],
						"2.0417": [0, -12.5, 0]
					},
					"position": {
						"0.0": [0, -37, 0],
						"0.125": [0, 25, 0],
						"1.9583": [0, 25, 0],
						"2.0417": [0, -37, 0]
					},
					"scale": {
						"0.0": [1, 1, 1],
						"2.0417": {"pre": [1, 1, 1],